Code Domaine,Domaine,Code Pays,Pays,Code Élément,Élément,Code Produit,Produit,Code Année,Année,Unité,Valeur,Symbole,Description du Symbole
"CL","Disponibilité alimentaire - Elevage et pêche Equivalent primaire","2","Afghanistan","646","Disponibilité alimentaire en quantité (g/personne/jour)","2734","Viande de Volailles","2013","2013","g/personne/jour","6.71","Fc","Donnée calculée"
"CL","Disponibilité alimentaire - Elevage et pêche Equivalent primaire","2","Afghanistan","674","Disponibilité de protéines en quantité (g/personne/jour)","2734","Viande de Volailles","2013","2013","g/personne/jour","0.87","Fc","Donnée calculée"
"CL","Disponibilité alimentaire - Elevage et pêche Equivalent primaire","202","Afrique du Sud","646","Disponibilité alimentaire en quantité (g/personne/jour)","2734","Viande de Volailles","2013","2013","g/personne/jour","102.94","Fc","Donnée calculée"
"CL","Disponibilité alimentaire - Elevage et pêche Equivalent primaire","202","Afrique du Sud","674","Disponibilité de protéines en quantité (g/personne/jour)","2734","Viande de Volailles","2013","2013","g/personne/jour","14.85","Fc","Donnée calculée"
"CL","Disponibilité alimentaire - Elevage et pêche Equivalent primaire","3","Albanie","646","Disponibilité alimentaire en quantité (g/personne/jour)","2734","Viande de Volailles","2013","2013","g/personne/jour","36.25","Fc","Donnée calculée"
"CL","Disponibilité alimentaire - Elevage et pêche Equivalent primaire","3","Albanie","674","Disponibilité de protéines en quantité (g/personne/jour)","2734","Viande de Volailles","2013","2013","g/personne/jour","4.94","Fc","Donnée calculée"
"CL","Disponibilité alimentaire - Elevage et pêche Equivalent primaire","4","Algérie","646","Disponibilité alimentaire en quantité (g/personne/jour)","2734","Viande de Volailles","2013","2013","g/personne/jour","20.33","Fc","Donnée calculée"
"CL","Disponibilité alimentaire - Elevage et pêche Equivalent primaire","4","Algérie","674","Disponibilité de protéines en quantité (g/personne/jour)","2734","Viande de Volailles","2013","2013","g/personne/jour","2.28","Fc","Donnée calculée"
"CL","Disponibilité alimentaire - Elevage et pêche Equivalent primaire","79","Allemagne","646","Disponibilité alimentaire en quantité (g/personne/jour)","2734","Viande de Volailles","2013","2013","g/personne/jour","48.64","Fc","Donnée calculée"
"CL","Disponibilité alimentaire - Elevage et pêche Equivalent primaire","79","Allemagne","674","Disponibilité de protéines en quantité (g/personne/jour)","2734","Viande de Volailles","2013","2013","g/personne/jour","7.26","Fc","Donnée calculée"
"CL","Disponibilité alimentaire - Elevage et pêche Equivalent primaire","7","Angola","646","Disponibilité alimentaire en quantité (g/personne/jour)","2734","Viande de Volailles","2013","2013","g/personne/jour","47.48","Fc","Donnée calculée"
"CL","Disponibilité alimentaire - Elevage et pêche Equivalent primaire","7","Angola","674","Disponibilité de protéines en quantité (g/personne/jour)","2734","Viande de Volailles","2013","2013","g/personne/jour","5.84","Fc","Donnée calculée"
"CL","Disponibilité alimentaire - Elevage et pêche Equivalent primaire","8","Antigua-et-Barbuda","646","Disponibilité alimentaire en quantité (g/personne/jour)","2734","Viande de Volailles","2013","2013","g/personne/jour","161.16","Fc","Donnée calculée"
"CL","Disponibilité alimentaire - Elevage et pêche Equivalent primaire","8","Antigua-et-Barbuda","674","Disponibilité de protéines en quantité (g/personne/jour)","2734","Viande de Volailles","2013","2013","g/personne/jour","19","Fc","Donnée calculée"
"CL","Disponibilité alimentaire - Elevage et pêche Equivalent primaire","194","Arabie saoudite","646","Disponibilité alimentaire en quantité (g/personne/jour)","2734","Viande de Volailles","2013","2013","g/personne/jour","134.39","Fc","Donnée calculée"
"CL","Disponibilité alimentaire - Elevage et pêche Equivalent primaire","194","Arabie saoudite","674","Disponibilité de protéines en quantité (g/personne/jour)","2734","Viande de Volailles","2013","2013","g/personne/jour","17.43","Fc","Donnée calculée"
"CL","Disponibilité alimentaire - Elevage et pêche Equivalent primaire","9","Argentine","646","Disponibilité alimentaire en quantité (g/personne/jour)","2734","Viande de Volailles","2013","2013","g/personne/jour","105.92","Fc","Donnée calculée"
"CL","Disponibilité alimentaire - Elevage et pêche Equivalent primaire","9","Argentine","674","Disponibilité de protéines en quantité (g/personne/jour)","2734","Viande de Volailles","2013","2013","g/personne/jour","12.38","Fc","Donnée calculée"
"CL","Disponibilité alimentaire - Elevage et pêche Equivalent primaire","1","Arménie","646","Disponibilité alimentaire en quantité (g/personne/jour)","2734","Viande de Volailles","2013","2013","g/personne/jour","36.58","Fc","Donnée calculée"
"CL","Disponibilité alimentaire - Elevage et pêche Equivalent primaire","1","Arménie","674","Disponibilité de protéines en quantité (g/personne/jour)","2734","Viande de Volailles","2013","2013","g/personne/jour","4.51","Fc","Donnée calculée"
"CL","Disponibilité alimentaire - Elevage et pêche Equivalent primaire","10","Australie","646","Disponibilité alimentaire en quantité (g/personne/jour)","2734","Viande de Volailles","2013","2013","g/personne/jour","126.37","Fc","Donnée calculée"
"CL","Disponibilité alimentaire - Elevage et pêche Equivalent primaire","10","Australie","674","Disponibilité de protéines en quantité (g/personne/jour)","2734","Viande de Volailles","2013","2013","g/personne/jour","16.06","Fc","Donnée calculée"
"CL","Disponibilité alimentaire - Elevage et pêche Equivalent primaire","11","Autriche","646","Disponibilité alimentaire en quantité (g/personne/jour)","2734","Viande de Volailles","2013","2013","g/personne/jour","50.98","Fc","Donnée calculée"
"CL","Disponibilité alimentaire - Elevage et pêche Equivalent primaire","11","Autriche","674","Disponibilité de protéines en quantité (g/personne/jour)","2734","Viande de Volailles","2013","2013","g/personne/jour","7.67","Fc","Donnée calculée"
"CL","Disponibilité alimentaire - Elevage et pêche Equivalent primaire","52","Azerbaïdjan","646","Disponibilité alimentaire en quantité (g/personne/jour)","2734","Viande de Volailles","2013","2013","g/personne/jour","28.82","Fc","Donnée calculée"
"CL","Disponibilité alimentaire - Elevage et pêche Equivalent primaire","52","Azerbaïdjan","674","Disponibilité de protéines en quantité (g/personne/jour)","2734","Viande de Volailles","2013","2013","g/personne/jour","3.56","Fc","Donnée calculée"
"CL","Disponibilité alimentaire - Elevage et pêche Equivalent primaire","12","Bahamas","646","Disponibilité alimentaire en quantité (g/personne/jour)","2734","Viande de Volailles","2013","2013","g/personne/jour","125.3","Fc","Donnée calculée"
"CL","Disponibilité alimentaire - Elevage et pêche Equivalent primaire","12","Bahamas","674","Disponibilité de protéines en quantité (g/personne/jour)","2734","Viande de Volailles","2013","2013","g/personne/jour","15.78","Fc","Donnée calculée"
"CL","Disponibilité alimentaire - Elevage et pêche Equivalent primaire","16","Bangladesh","646","Disponibilité alimentaire en quantité (g/personne/jour)","2734","Viande de Volailles","2013","2013","g/personne/jour","3.84","Fc","Donnée calculée"
"CL","Disponibilité alimentaire - Elevage et pêche Equivalent primaire","16","Bangladesh","674","Disponibilité de protéines en quantité (g/personne/jour)","2734","Viande de Volailles","2013","2013","g/personne/jour","0.44","Fc","Donnée calculée"
"CL","Disponibilité alimentaire - Elevage et pêche Equivalent primaire","14","Barbade","646","Disponibilité alimentaire en quantité (g/personne/jour)","2734","Viande de Volailles","2013","2013","g/personne/jour","116.77","Fc","Donnée calculée"
"CL","Disponibilité alimentaire - Elevage et pêche Equivalent primaire","14","Barbade","674","Disponibilité de protéines en quantité (g/personne/jour)","2734","Viande de Volailles","2013","2013","g/personne/jour","14.19","Fc","Donnée calculée"
"CL","Disponibilité alimentaire - Elevage et pêche Equivalent primaire","57","Bélarus","646","Disponibilité alimentaire en quantité (g/personne/jour)","2734","Viande de Volailles","2013","2013","g/personne/jour","85.73","Fc","Donnée calculée"
"CL","Disponibilité alimentaire - Elevage et pêche Equivalent primaire","57","Bélarus","674","Disponibilité de protéines en quantité (g/personne/jour)","2734","Viande de Volailles","2013","2013","g/personne/jour","10.56","Fc","Donnée calculée"
"CL","Disponibilité alimentaire - Elevage et pêche Equivalent primaire","255","Belgique","646","Disponibilité alimentaire en quantité (g/personne/jour)","2734","Viande de Volailles","2013","2013","g/personne/jour","33.42","Fc","Donnée calculée"
"CL","Disponibilité alimentaire - Elevage et pêche Equivalent primaire","255","Belgique","674","Disponibilité de protéines en quantité (g/personne/jour)","2734","Viande de Volailles","2013","2013","g/personne/jour","4.36","Fc","Donnée calculée"
"CL","Disponibilité alimentaire - Elevage et pêche Equivalent primaire","23","Belize","646","Disponibilité alimentaire en quantité (g/personne/jour)","2734","Viande de Volailles","2013","2013","g/personne/jour","77.57","Fc","Donnée calculée"
"CL","Disponibilité alimentaire - Elevage et pêche Equivalent primaire","23","Belize","674","Disponibilité de protéines en quantité (g/personne/jour)","2734","Viande de Volailles","2013","2013","g/personne/jour","9.13","Fc","Donnée calculée"
"CL","Disponibilité alimentaire - Elevage et pêche Equivalent primaire","53","Bénin","646","Disponibilité alimentaire en quantité (g/personne/jour)","2734","Viande de Volailles","2013","2013","g/personne/jour","53.82","Fc","Donnée calculée"
"CL","Disponibilité alimentaire - Elevage et pêche Equivalent primaire","53","Bénin","674","Disponibilité de protéines en quantité (g/personne/jour)","2734","Viande de Volailles","2013","2013","g/personne/jour","6.97","Fc","Donnée calculée"
"CL","Disponibilité alimentaire - Elevage et pêche Equivalent primaire","17","Bermudes","646","Disponibilité alimentaire en quantité (g/personne/jour)","2734","Viande de Volailles","2013","2013","g/personne/jour","89.38","Fc","Donnée calculée"
"CL","Disponibilité alimentaire - Elevage et pêche Equivalent primaire","17","Bermudes","674","Disponibilité de protéines en quantité (g/personne/jour)","2734","Viande de Volailles","2013","2013","g/personne/jour","12.1","Fc","Donnée calculée"
"CL","Disponibilité alimentaire - Elevage et pêche Equivalent primaire","19","Bolivie (État plurinational de)","646","Disponibilité alimentaire en quantité (g/personne/jour)","2734","Viande de Volailles","2013","2013","g/personne/jour","94.01","Fc","Donnée calculée"
"CL","Disponibilité alimentaire - Elevage et pêche Equivalent primaire","19","Bolivie (État plurinational de)","674","Disponibilité de protéines en quantité (g/personne/jour)","2734","Viande de Volailles","2013","2013","g/personne/jour","10.91","Fc","Donnée calculée"
"CL","Disponibilité alimentaire - Elevage et pêche Equivalent primaire","80","Bosnie-Herzégovine","646","Disponibilité alimentaire en quantité (g/personne/jour)","2734","Viande de Volailles","2013","2013","g/personne/jour","36.09","Fc","Donnée calculée"
"CL","Disponibilité alimentaire - Elevage et pêche Equivalent primaire","80","Bosnie-Herzégovine","674","Disponibilité de protéines en quantité (g/personne/jour)","2734","Viande de Volailles","2013","2013","g/personne/jour","4.48","Fc","Donnée calculée"
"CL","Disponibilité alimentaire - Elevage et pêche Equivalent primaire","20","Botswana","646","Disponibilité alimentaire en quantité (g/personne/jour)","2734","Viande de Volailles","2013","2013","g/personne/jour","14.61","Fc","Donnée calculée"
"CL","Disponibilité alimentaire - Elevage et pêche Equivalent primaire","20","Botswana","674","Disponibilité de protéines en quantité (g/personne/jour)","2734","Viande de Volailles","2013","2013","g/personne/jour","1.9","Fc","Donnée calculée"
"CL","Disponibilité alimentaire - Elevage et pêche Equivalent primaire","21","Brésil","646","Disponibilité alimentaire en quantité (g/personne/jour)","2734","Viande de Volailles","2013","2013","g/personne/jour","123.29","Fc","Donnée calculée"
"CL","Disponibilité alimentaire - Elevage et pêche Equivalent primaire","21","Brésil","674","Disponibilité de protéines en quantité (g/personne/jour)","2734","Viande de Volailles","2013","2013","g/personne/jour","14.56","Fc","Donnée calculée"
"CL","Disponibilité alimentaire - Elevage et pêche Equivalent primaire","26","Brunéi Darussalam","646","Disponibilité alimentaire en quantité (g/personne/jour)","2734","Viande de Volailles","2013","2013","g/personne/jour","172.26","Fc","Donnée calculée"
"CL","Disponibilité alimentaire - Elevage et pêche Equivalent primaire","26","Brunéi Darussalam","674","Disponibilité de protéines en quantité (g/personne/jour)","2734","Viande de Volailles","2013","2013","g/personne/jour","21.36","Fc","Donnée calculée"
"CL","Disponibilité alimentaire - Elevage et pêche Equivalent primaire","27","Bulgarie","646","Disponibilité alimentaire en quantité (g/personne/jour)","2734","Viande de Volailles","2013","2013","g/personne/jour","56.66","Fc","Donnée calculée"
"CL","Disponibilité alimentaire - Elevage et pêche Equivalent primaire","27","Bulgarie","674","Disponibilité de protéines en quantité (g/personne/jour)","2734","Viande de Volailles","2013","2013","g/personne/jour","8.09","Fc","Donnée calculée"
"CL","Disponibilité alimentaire - Elevage et pêche Equivalent primaire","233","Burkina Faso","646","Disponibilité alimentaire en quantité (g/personne/jour)","2734","Viande de Volailles","2013","2013","g/personne/jour","6.19","Fc","Donnée calculée"
"CL","Disponibilité alimentaire - Elevage et pêche Equivalent primaire","233","Burkina Faso","674","Disponibilité de protéines en quantité (g/personne/jour)","2734","Viande de Volailles","2013","2013","g/personne/jour","0.76","Fc","Donnée calculée"
"CL","Disponibilité alimentaire - Elevage et pêche Equivalent primaire","35","Cabo Verde","646","Disponibilité alimentaire en quantité (g/personne/jour)","2734","Viande de Volailles","2013","2013","g/personne/jour","51.93","Fc","Donnée calculée"
"CL","Disponibilité alimentaire - Elevage et pêche Equivalent primaire","35","Cabo Verde","674","Disponibilité de protéines en quantité (g/personne/jour)","2734","Viande de Volailles","2013","2013","g/personne/jour","6.62","Fc","Donnée calculée"
"CL","Disponibilité alimentaire - Elevage et pêche Equivalent primaire","115","Cambodge","646","Disponibilité alimentaire en quantité (g/personne/jour)","2734","Viande de Volailles","2013","2013","g/personne/jour","5.04","Fc","Donnée calculée"
"CL","Disponibilité alimentaire - Elevage et pêche Equivalent primaire","115","Cambodge","674","Disponibilité de protéines en quantité (g/personne/jour)","2734","Viande de Volailles","2013","2013","g/personne/jour","0.56","Fc","Donnée calculée"
"CL","Disponibilité alimentaire - Elevage et pêche Equivalent primaire","32","Cameroun","646","Disponibilité alimentaire en quantité (g/personne/jour)","2734","Viande de Volailles","2013","2013","g/personne/jour","9.02","Fc","Donnée calculée"
"CL","Disponibilité alimentaire - Elevage et pêche Equivalent primaire","32","Cameroun","674","Disponibilité de protéines en quantité (g/personne/jour)","2734","Viande de Volailles","2013","2013","g/personne/jour","1.11","Fc","Donnée calculée"
"CL","Disponibilité alimentaire - Elevage et pêche Equivalent primaire","33","Canada","646","Disponibilité alimentaire en quantité (g/personne/jour)","2734","Viande de Volailles","2013","2013","g/personne/jour","100.49","Fc","Donnée calculée"
"CL","Disponibilité alimentaire - Elevage et pêche Equivalent primaire","33","Canada","674","Disponibilité de protéines en quantité (g/personne/jour)","2734","Viande de Volailles","2013","2013","g/personne/jour","13.08","Fc","Donnée calculée"
"CL","Disponibilité alimentaire - Elevage et pêche Equivalent primaire","40","Chili","646","Disponibilité alimentaire en quantité (g/personne/jour)","2734","Viande de Volailles","2013","2013","g/personne/jour","100.05","Fc","Donnée calculée"
"CL","Disponibilité alimentaire - Elevage et pêche Equivalent primaire","40","Chili","674","Disponibilité de protéines en quantité (g/personne/jour)","2734","Viande de Volailles","2013","2013","g/personne/jour","12.36","Fc","Donnée calculée"
"CL","Disponibilité alimentaire - Elevage et pêche Equivalent primaire","96","Chine - RAS de Hong-Kong","646","Disponibilité alimentaire en quantité (g/personne/jour)","2734","Viande de Volailles","2013","2013","g/personne/jour","150.29","Fc","Donnée calculée"
"CL","Disponibilité alimentaire - Elevage et pêche Equivalent primaire","96","Chine - RAS de Hong-Kong","674","Disponibilité de protéines en quantité (g/personne/jour)","2734","Viande de Volailles","2013","2013","g/personne/jour","19.58","Fc","Donnée calculée"
"CL","Disponibilité alimentaire - Elevage et pêche Equivalent primaire","128","Chine - RAS de Macao","646","Disponibilité alimentaire en quantité (g/personne/jour)","2734","Viande de Volailles","2013","2013","g/personne/jour","99.34","Fc","Donnée calculée"
"CL","Disponibilité alimentaire - Elevage et pêche Equivalent primaire","128","Chine - RAS de Macao","674","Disponibilité de protéines en quantité (g/personne/jour)","2734","Viande de Volailles","2013","2013","g/personne/jour","12.04","Fc","Donnée calculée"
"CL","Disponibilité alimentaire - Elevage et pêche Equivalent primaire","41","Chine, continentale","646","Disponibilité alimentaire en quantité (g/personne/jour)","2734","Viande de Volailles","2013","2013","g/personne/jour","36.15","Fc","Donnée calculée"
"CL","Disponibilité alimentaire - Elevage et pêche Equivalent primaire","41","Chine, continentale","674","Disponibilité de protéines en quantité (g/personne/jour)","2734","Viande de Volailles","2013","2013","g/personne/jour","4.26","Fc","Donnée calculée"
"CL","Disponibilité alimentaire - Elevage et pêche Equivalent primaire","214","Chine, Taiwan Province de","646","Disponibilité alimentaire en quantité (g/personne/jour)","2734","Viande de Volailles","2013","2013","g/personne/jour","88.03","Fc","Donnée calculée"
"CL","Disponibilité alimentaire - Elevage et pêche Equivalent primaire","214","Chine, Taiwan Province de","674","Disponibilité de protéines en quantité (g/personne/jour)","2734","Viande de Volailles","2013","2013","g/personne/jour","10.69","Fc","Donnée calculée"
"CL","Disponibilité alimentaire - Elevage et pêche Equivalent primaire","50","Chypre","646","Disponibilité alimentaire en quantité (g/personne/jour)","2734","Viande de Volailles","2013","2013","g/personne/jour","66.99","Fc","Donnée calculée"
"CL","Disponibilité alimentaire - Elevage et pêche Equivalent primaire","50","Chypre","674","Disponibilité de protéines en quantité (g/personne/jour)","2734","Viande de Volailles","2013","2013","g/personne/jour","8.91","Fc","Donnée calculée"
"CL","Disponibilité alimentaire - Elevage et pêche Equivalent primaire","44","Colombie","646","Disponibilité alimentaire en quantité (g/personne/jour)","2734","Viande de Volailles","2013","2013","g/personne/jour","75.52","Fc","Donnée calculée"
"CL","Disponibilité alimentaire - Elevage et pêche Equivalent primaire","44","Colombie","674","Disponibilité de protéines en quantité (g/personne/jour)","2734","Viande de Volailles","2013","2013","g/personne/jour","8.23","Fc","Donnée calculée"
"CL","Disponibilité alimentaire - Elevage et pêche Equivalent primaire","46","Congo","646","Disponibilité alimentaire en quantité (g/personne/jour)","2734","Viande de Volailles","2013","2013","g/personne/jour","35.66","Fc","Donnée calculée"
"CL","Disponibilité alimentaire - Elevage et pêche Equivalent primaire","46","Congo","674","Disponibilité de protéines en quantité (g/personne/jour)","2734","Viande de Volailles","2013","2013","g/personne/jour","4.51","Fc","Donnée calculée"
"CL","Disponibilité alimentaire - Elevage et pêche Equivalent primaire","48","Costa Rica","646","Disponibilité alimentaire en quantité (g/personne/jour)","2734","Viande de Volailles","2013","2013","g/personne/jour","67.04","Fc","Donnée calculée"
"CL","Disponibilité alimentaire - Elevage et pêche Equivalent primaire","48","Costa Rica","674","Disponibilité de protéines en quantité (g/personne/jour)","2734","Viande de Volailles","2013","2013","g/personne/jour","7.32","Fc","Donnée calculée"
"CL","Disponibilité alimentaire - Elevage et pêche Equivalent primaire","107","Côte d'Ivoire","646","Disponibilité alimentaire en quantité (g/personne/jour)","2734","Viande de Volailles","2013","2013","g/personne/jour","6.57","Fc","Donnée calculée"
"CL","Disponibilité alimentaire - Elevage et pêche Equivalent primaire","107","Côte d'Ivoire","674","Disponibilité de protéines en quantité (g/personne/jour)","2734","Viande de Volailles","2013","2013","g/personne/jour","0.81","Fc","Donnée calculée"
"CL","Disponibilité alimentaire - Elevage et pêche Equivalent primaire","98","Croatie","646","Disponibilité alimentaire en quantité (g/personne/jour)","2734","Viande de Volailles","2013","2013","g/personne/jour","23.35","Fc","Donnée calculée"
"CL","Disponibilité alimentaire - Elevage et pêche Equivalent primaire","98","Croatie","674","Disponibilité de protéines en quantité (g/personne/jour)","2734","Viande de Volailles","2013","2013","g/personne/jour","3.02","Fc","Donnée calculée"
"CL","Disponibilité alimentaire - Elevage et pêche Equivalent primaire","49","Cuba","646","Disponibilité alimentaire en quantité (g/personne/jour)","2734","Viande de Volailles","2013","2013","g/personne/jour","55.22","Fc","Donnée calculée"
"CL","Disponibilité alimentaire - Elevage et pêche Equivalent primaire","49","Cuba","674","Disponibilité de protéines en quantité (g/personne/jour)","2734","Viande de Volailles","2013","2013","g/personne/jour","6.13","Fc","Donnée calculée"
"CL","Disponibilité alimentaire - Elevage et pêche Equivalent primaire","54","Danemark","646","Disponibilité alimentaire en quantité (g/personne/jour)","2734","Viande de Volailles","2013","2013","g/personne/jour","73.28","Fc","Donnée calculée"
"CL","Disponibilité alimentaire - Elevage et pêche Equivalent primaire","54","Danemark","674","Disponibilité de protéines en quantité (g/personne/jour)","2734","Viande de Volailles","2013","2013","g/personne/jour","10.64","Fc","Donnée calculée"
"CL","Disponibilité alimentaire - Elevage et pêche Equivalent primaire","72","Djibouti","646","Disponibilité alimentaire en quantité (g/personne/jour)","2734","Viande de Volailles","2013","2013","g/personne/jour","5.63","Fc","Donnée calculée"
"CL","Disponibilité alimentaire - Elevage et pêche Equivalent primaire","72","Djibouti","674","Disponibilité de protéines en quantité (g/personne/jour)","2734","Viande de Volailles","2013","2013","g/personne/jour","0.69","Fc","Donnée calculée"
"CL","Disponibilité alimentaire - Elevage et pêche Equivalent primaire","55","Dominique","646","Disponibilité alimentaire en quantité (g/personne/jour)","2734","Viande de Volailles","2013","2013","g/personne/jour","85.49","Fc","Donnée calculée"
"CL","Disponibilité alimentaire - Elevage et pêche Equivalent primaire","55","Dominique","674","Disponibilité de protéines en quantité (g/personne/jour)","2734","Viande de Volailles","2013","2013","g/personne/jour","10.2","Fc","Donnée calculée"
"CL","Disponibilité alimentaire - Elevage et pêche Equivalent primaire","59","Égypte","646","Disponibilité alimentaire en quantité (g/personne/jour)","2734","Viande de Volailles","2013","2013","g/personne/jour","39.55","Fc","Donnée calculée"
"CL","Disponibilité alimentaire - Elevage et pêche Equivalent primaire","59","Égypte","674","Disponibilité de protéines en quantité (g/personne/jour)","2734","Viande de Volailles","2013","2013","g/personne/jour","5.04","Fc","Donnée calculée"
"CL","Disponibilité alimentaire - Elevage et pêche Equivalent primaire","60","El Salvador","646","Disponibilité alimentaire en quantité (g/personne/jour)","2734","Viande de Volailles","2013","2013","g/personne/jour","54.35","Fc","Donnée calculée"
"CL","Disponibilité alimentaire - Elevage et pêche Equivalent primaire","60","El Salvador","674","Disponibilité de protéines en quantité (g/personne/jour)","2734","Viande de Volailles","2013","2013","g/personne/jour","5.91","Fc","Donnée calculée"
"CL","Disponibilité alimentaire - Elevage et pêche Equivalent primaire","225","Émirats arabes unis","646","Disponibilité alimentaire en quantité (g/personne/jour)","2734","Viande de Volailles","2013","2013","g/personne/jour","112.45","Fc","Donnée calculée"
"CL","Disponibilité alimentaire - Elevage et pêche Equivalent primaire","225","Émirats arabes unis","674","Disponibilité de protéines en quantité (g/personne/jour)","2734","Viande de Volailles","2013","2013","g/personne/jour","13.85","Fc","Donnée calculée"
"CL","Disponibilité alimentaire - Elevage et pêche Equivalent primaire","58","Équateur","646","Disponibilité alimentaire en quantité (g/personne/jour)","2734","Viande de Volailles","2013","2013","g/personne/jour","59.85","Fc","Donnée calculée"
"CL","Disponibilité alimentaire - Elevage et pêche Equivalent primaire","58","Équateur","674","Disponibilité de protéines en quantité (g/personne/jour)","2734","Viande de Volailles","2013","2013","g/personne/jour","6.96","Fc","Donnée calculée"
"CL","Disponibilité alimentaire - Elevage et pêche Equivalent primaire","203","Espagne","646","Disponibilité alimentaire en quantité (g/personne/jour)","2734","Viande de Volailles","2013","2013","g/personne/jour","78.42","Fc","Donnée calculée"
"CL","Disponibilité alimentaire - Elevage et pêche Equivalent primaire","203","Espagne","674","Disponibilité de protéines en quantité (g/personne/jour)","2734","Viande de Volailles","2013","2013","g/personne/jour","11.7","Fc","Donnée calculée"
"CL","Disponibilité alimentaire - Elevage et pêche Equivalent primaire","63","Estonie","646","Disponibilité alimentaire en quantité (g/personne/jour)","2734","Viande de Volailles","2013","2013","g/personne/jour","57.85","Fc","Donnée calculée"
"CL","Disponibilité alimentaire - Elevage et pêche Equivalent primaire","63","Estonie","674","Disponibilité de protéines en quantité (g/personne/jour)","2734","Viande de Volailles","2013","2013","g/personne/jour","7.14","Fc","Donnée calculée"
"CL","Disponibilité alimentaire - Elevage et pêche Equivalent primaire","231","États-Unis d'Amérique","646","Disponibilité alimentaire en quantité (g/personne/jour)","2734","Viande de Volailles","2013","2013","g/personne/jour","137.02","Fc","Donnée calculée"
"CL","Disponibilité alimentaire - Elevage et pêche Equivalent primaire","231","États-Unis d'Amérique","674","Disponibilité de protéines en quantité (g/personne/jour)","2734","Viande de Volailles","2013","2013","g/personne/jour","17.94","Fc","Donnée calculée"
"CL","Disponibilité alimentaire - Elevage et pêche Equivalent primaire","238","Éthiopie","646","Disponibilité alimentaire en quantité (g/personne/jour)","2734","Viande de Volailles","2013","2013","g/personne/jour","1.8","Fc","Donnée calculée"
"CL","Disponibilité alimentaire - Elevage et pêche Equivalent primaire","238","Éthiopie","674","Disponibilité de protéines en quantité (g/personne/jour)","2734","Viande de Volailles","2013","2013","g/personne/jour","0.22","Fc","Donnée calculée"
"CL","Disponibilité alimentaire - Elevage et pêche Equivalent primaire","185","Fédération de Russie","646","Disponibilité alimentaire en quantité (g/personne/jour)","2734","Viande de Volailles","2013","2013","g/personne/jour","75.35","Fc","Donnée calculée"
"CL","Disponibilité alimentaire - Elevage et pêche Equivalent primaire","185","Fédération de Russie","674","Disponibilité de protéines en quantité (g/personne/jour)","2734","Viande de Volailles","2013","2013","g/personne/jour","9.27","Fc","Donnée calculée"
"CL","Disponibilité alimentaire - Elevage et pêche Equivalent primaire","66","Fidji","646","Disponibilité alimentaire en quantité (g/personne/jour)","2734","Viande de Volailles","2013","2013","g/personne/jour","55.51","Fc","Donnée calculée"
"CL","Disponibilité alimentaire - Elevage et pêche Equivalent primaire","66","Fidji","674","Disponibilité de protéines en quantité (g/personne/jour)","2734","Viande de Volailles","2013","2013","g/personne/jour","6.82","Fc","Donnée calculée"
"CL","Disponibilité alimentaire - Elevage et pêche Equivalent primaire","67","Finlande","646","Disponibilité alimentaire en quantité (g/personne/jour)","2734","Viande de Volailles","2013","2013","g/personne/jour","54.45","Fc","Donnée calculée"
"CL","Disponibilité alimentaire - Elevage et pêche Equivalent primaire","67","Finlande","674","Disponibilité de protéines en quantité (g/personne/jour)","2734","Viande de Volailles","2013","2013","g/personne/jour","8.19","Fc","Donnée calculée"
"CL","Disponibilité alimentaire - Elevage et pêche Equivalent primaire","68","France","646","Disponibilité alimentaire en quantité (g/personne/jour)","2734","Viande de Volailles","2013","2013","g/personne/jour","62.81","Fc","Donnée calculée"
"CL","Disponibilité alimentaire - Elevage et pêche Equivalent primaire","68","France","674","Disponibilité de protéines en quantité (g/personne/jour)","2734","Viande de Volailles","2013","2013","g/personne/jour","8.76","Fc","Donnée calculée"
"CL","Disponibilité alimentaire - Elevage et pêche Equivalent primaire","74","Gabon","646","Disponibilité alimentaire en quantité (g/personne/jour)","2734","Viande de Volailles","2013","2013","g/personne/jour","90.4","Fc","Donnée calculée"
"CL","Disponibilité alimentaire - Elevage et pêche Equivalent primaire","74","Gabon","674","Disponibilité de protéines en quantité (g/personne/jour)","2734","Viande de Volailles","2013","2013","g/personne/jour","11.82","Fc","Donnée calculée"
"CL","Disponibilité alimentaire - Elevage et pêche Equivalent primaire","75","Gambie","646","Disponibilité alimentaire en quantité (g/personne/jour)","2734","Viande de Volailles","2013","2013","g/personne/jour","7.29","Fc","Donnée calculée"
"CL","Disponibilité alimentaire - Elevage et pêche Equivalent primaire","75","Gambie","674","Disponibilité de protéines en quantité (g/personne/jour)","2734","Viande de Volailles","2013","2013","g/personne/jour","0.89","Fc","Donnée calculée"
"CL","Disponibilité alimentaire - Elevage et pêche Equivalent primaire","73","Géorgie","646","Disponibilité alimentaire en quantité (g/personne/jour)","2734","Viande de Volailles","2013","2013","g/personne/jour","33.64","Fc","Donnée calculée"
"CL","Disponibilité alimentaire - Elevage et pêche Equivalent primaire","73","Géorgie","674","Disponibilité de protéines en quantité (g/personne/jour)","2734","Viande de Volailles","2013","2013","g/personne/jour","4.15","Fc","Donnée calculée"
"CL","Disponibilité alimentaire - Elevage et pêche Equivalent primaire","81","Ghana","646","Disponibilité alimentaire en quantité (g/personne/jour)","2734","Viande de Volailles","2013","2013","g/personne/jour","23.65","Fc","Donnée calculée"
"CL","Disponibilité alimentaire - Elevage et pêche Equivalent primaire","81","Ghana","674","Disponibilité de protéines en quantité (g/personne/jour)","2734","Viande de Volailles","2013","2013","g/personne/jour","2.69","Fc","Donnée calculée"
"CL","Disponibilité alimentaire - Elevage et pêche Equivalent primaire","84","Grèce","646","Disponibilité alimentaire en quantité (g/personne/jour)","2734","Viande de Volailles","2013","2013","g/personne/jour","43.13","Fc","Donnée calculée"
"CL","Disponibilité alimentaire - Elevage et pêche Equivalent primaire","84","Grèce","674","Disponibilité de protéines en quantité (g/personne/jour)","2734","Viande de Volailles","2013","2013","g/personne/jour","6.48","Fc","Donnée calculée"
"CL","Disponibilité alimentaire - Elevage et pêche Equivalent primaire","86","Grenade","646","Disponibilité alimentaire en quantité (g/personne/jour)","2734","Viande de Volailles","2013","2013","g/personne/jour","119.19","Fc","Donnée calculée"
"CL","Disponibilité alimentaire - Elevage et pêche Equivalent primaire","86","Grenade","674","Disponibilité de protéines en quantité (g/personne/jour)","2734","Viande de Volailles","2013","2013","g/personne/jour","14.47","Fc","Donnée calculée"
"CL","Disponibilité alimentaire - Elevage et pêche Equivalent primaire","89","Guatemala","646","Disponibilité alimentaire en quantité (g/personne/jour)","2734","Viande de Volailles","2013","2013","g/personne/jour","45.06","Fc","Donnée calculée"
"CL","Disponibilité alimentaire - Elevage et pêche Equivalent primaire","89","Guatemala","674","Disponibilité de protéines en quantité (g/personne/jour)","2734","Viande de Volailles","2013","2013","g/personne/jour","4.9","Fc","Donnée calculée"
"CL","Disponibilité alimentaire - Elevage et pêche Equivalent primaire","90","Guinée","646","Disponibilité alimentaire en quantité (g/personne/jour)","2734","Viande de Volailles","2013","2013","g/personne/jour","5.01","Fc","Donnée calculée"
"CL","Disponibilité alimentaire - Elevage et pêche Equivalent primaire","90","Guinée","674","Disponibilité de protéines en quantité (g/personne/jour)","2734","Viande de Volailles","2013","2013","g/personne/jour","0.65","Fc","Donnée calculée"
"CL","Disponibilité alimentaire - Elevage et pêche Equivalent primaire","175","Guinée-Bissau","646","Disponibilité alimentaire en quantité (g/personne/jour)","2734","Viande de Volailles","2013","2013","g/personne/jour","5.15","Fc","Donnée calculée"
"CL","Disponibilité alimentaire - Elevage et pêche Equivalent primaire","175","Guinée-Bissau","674","Disponibilité de protéines en quantité (g/personne/jour)","2734","Viande de Volailles","2013","2013","g/personne/jour","0.63","Fc","Donnée calculée"
"CL","Disponibilité alimentaire - Elevage et pêche Equivalent primaire","91","Guyana","646","Disponibilité alimentaire en quantité (g/personne/jour)","2734","Viande de Volailles","2013","2013","g/personne/jour","98.6","Fc","Donnée calculée"
"CL","Disponibilité alimentaire - Elevage et pêche Equivalent primaire","91","Guyana","674","Disponibilité de protéines en quantité (g/personne/jour)","2734","Viande de Volailles","2013","2013","g/personne/jour","11.5","Fc","Donnée calculée"
"CL","Disponibilité alimentaire - Elevage et pêche Equivalent primaire","93","Haïti","646","Disponibilité alimentaire en quantité (g/personne/jour)","2734","Viande de Volailles","2013","2013","g/personne/jour","20.76","Fc","Donnée calculée"
"CL","Disponibilité alimentaire - Elevage et pêche Equivalent primaire","93","Haïti","674","Disponibilité de protéines en quantité (g/personne/jour)","2734","Viande de Volailles","2013","2013","g/personne/jour","2.25","Fc","Donnée calculée"
"CL","Disponibilité alimentaire - Elevage et pêche Equivalent primaire","95","Honduras","646","Disponibilité alimentaire en quantité (g/personne/jour)","2734","Viande de Volailles","2013","2013","g/personne/jour","55.59","Fc","Donnée calculée"
"CL","Disponibilité alimentaire - Elevage et pêche Equivalent primaire","95","Honduras","674","Disponibilité de protéines en quantité (g/personne/jour)","2734","Viande de Volailles","2013","2013","g/personne/jour","6.55","Fc","Donnée calculée"
"CL","Disponibilité alimentaire - Elevage et pêche Equivalent primaire","97","Hongrie","646","Disponibilité alimentaire en quantité (g/personne/jour)","2734","Viande de Volailles","2013","2013","g/personne/jour","65.15","Fc","Donnée calculée"
"CL","Disponibilité alimentaire - Elevage et pêche Equivalent primaire","97","Hongrie","674","Disponibilité de protéines en quantité (g/personne/jour)","2734","Viande de Volailles","2013","2013","g/personne/jour","9.24","Fc","Donnée calculée"
"CL","Disponibilité alimentaire - Elevage et pêche Equivalent primaire","25","Îles Salomon","646","Disponibilité alimentaire en quantité (g/personne/jour)","2734","Viande de Volailles","2013","2013","g/personne/jour","9.16","Fc","Donnée calculée"
"CL","Disponibilité alimentaire - Elevage et pêche Equivalent primaire","25","Îles Salomon","674","Disponibilité de protéines en quantité (g/personne/jour)","2734","Viande de Volailles","2013","2013","g/personne/jour","1.14","Fc","Donnée calculée"
"CL","Disponibilité alimentaire - Elevage et pêche Equivalent primaire","100","Inde","646","Disponibilité alimentaire en quantité (g/personne/jour)","2734","Viande de Volailles","2013","2013","g/personne/jour","5.15","Fc","Donnée calculée"
"CL","Disponibilité alimentaire - Elevage et pêche Equivalent primaire","100","Inde","674","Disponibilité de protéines en quantité (g/personne/jour)","2734","Viande de Volailles","2013","2013","g/personne/jour","0.63","Fc","Donnée calculée"
"CL","Disponibilité alimentaire - Elevage et pêche Equivalent primaire","101","Indonésie","646","Disponibilité alimentaire en quantité (g/personne/jour)","2734","Viande de Volailles","2013","2013","g/personne/jour","20.54","Fc","Donnée calculée"
"CL","Disponibilité alimentaire - Elevage et pêche Equivalent primaire","101","Indonésie","674","Disponibilité de protéines en quantité (g/personne/jour)","2734","Viande de Volailles","2013","2013","g/personne/jour","2.53","Fc","Donnée calculée"
"CL","Disponibilité alimentaire - Elevage et pêche Equivalent primaire","102","Iran (République islamique d')","646","Disponibilité alimentaire en quantité (g/personne/jour)","2734","Viande de Volailles","2013","2013","g/personne/jour","69.52","Fc","Donnée calculée"
"CL","Disponibilité alimentaire - Elevage et pêche Equivalent primaire","102","Iran (République islamique d')","674","Disponibilité de protéines en quantité (g/personne/jour)","2734","Viande de Volailles","2013","2013","g/personne/jour","9.04","Fc","Donnée calculée"
"CL","Disponibilité alimentaire - Elevage et pêche Equivalent primaire","103","Iraq","646","Disponibilité alimentaire en quantité (g/personne/jour)","2734","Viande de Volailles","2013","2013","g/personne/jour","40.64","Fc","Donnée calculée"
"CL","Disponibilité alimentaire - Elevage et pêche Equivalent primaire","103","Iraq","674","Disponibilité de protéines en quantité (g/personne/jour)","2734","Viande de Volailles","2013","2013","g/personne/jour","5.28","Fc","Donnée calculée"
"CL","Disponibilité alimentaire - Elevage et pêche Equivalent primaire","104","Irlande","646","Disponibilité alimentaire en quantité (g/personne/jour)","2734","Viande de Volailles","2013","2013","g/personne/jour","71.93","Fc","Donnée calculée"
"CL","Disponibilité alimentaire - Elevage et pêche Equivalent primaire","104","Irlande","674","Disponibilité de protéines en quantité (g/personne/jour)","2734","Viande de Volailles","2013","2013","g/personne/jour","10.85","Fc","Donnée calculée"
"CL","Disponibilité alimentaire - Elevage et pêche Equivalent primaire","99","Islande","646","Disponibilité alimentaire en quantité (g/personne/jour)","2734","Viande de Volailles","2013","2013","g/personne/jour","73.62","Fc","Donnée calculée"
"CL","Disponibilité alimentaire - Elevage et pêche Equivalent primaire","99","Islande","674","Disponibilité de protéines en quantité (g/personne/jour)","2734","Viande de Volailles","2013","2013","g/personne/jour","10.88","Fc","Donnée calculée"
"CL","Disponibilité alimentaire - Elevage et pêche Equivalent primaire","105","Israël","646","Disponibilité alimentaire en quantité (g/personne/jour)","2734","Viande de Volailles","2013","2013","g/personne/jour","171.23","Fc","Donnée calculée"
"CL","Disponibilité alimentaire - Elevage et pêche Equivalent primaire","105","Israël","674","Disponibilité de protéines en quantité (g/personne/jour)","2734","Viande de Volailles","2013","2013","g/personne/jour","25.78","Fc","Donnée calculée"
"CL","Disponibilité alimentaire - Elevage et pêche Equivalent primaire","106","Italie","646","Disponibilité alimentaire en quantité (g/personne/jour)","2734","Viande de Volailles","2013","2013","g/personne/jour","50.97","Fc","Donnée calculée"
"CL","Disponibilité alimentaire - Elevage et pêche Equivalent primaire","106","Italie","674","Disponibilité de protéines en quantité (g/personne/jour)","2734","Viande de Volailles","2013","2013","g/personne/jour","7.69","Fc","Donnée calculée"
"CL","Disponibilité alimentaire - Elevage et pêche Equivalent primaire","109","Jamaïque","646","Disponibilité alimentaire en quantité (g/personne/jour)","2734","Viande de Volailles","2013","2013","g/personne/jour","143.87","Fc","Donnée calculée"
"CL","Disponibilité alimentaire - Elevage et pêche Equivalent primaire","109","Jamaïque","674","Disponibilité de protéines en quantité (g/personne/jour)","2734","Viande de Volailles","2013","2013","g/personne/jour","16","Fc","Donnée calculée"
"CL","Disponibilité alimentaire - Elevage et pêche Equivalent primaire","110","Japon","646","Disponibilité alimentaire en quantité (g/personne/jour)","2734","Viande de Volailles","2013","2013","g/personne/jour","53.2","Fc","Donnée calculée"
"CL","Disponibilité alimentaire - Elevage et pêche Equivalent primaire","110","Japon","674","Disponibilité de protéines en quantité (g/personne/jour)","2734","Viande de Volailles","2013","2013","g/personne/jour","6.95","Fc","Donnée calculée"
"CL","Disponibilité alimentaire - Elevage et pêche Equivalent primaire","112","Jordanie","646","Disponibilité alimentaire en quantité (g/personne/jour)","2734","Viande de Volailles","2013","2013","g/personne/jour","91.47","Fc","Donnée calculée"
"CL","Disponibilité alimentaire - Elevage et pêche Equivalent primaire","112","Jordanie","674","Disponibilité de protéines en quantité (g/personne/jour)","2734","Viande de Volailles","2013","2013","g/personne/jour","11.98","Fc","Donnée calculée"
"CL","Disponibilité alimentaire - Elevage et pêche Equivalent primaire","108","Kazakhstan","646","Disponibilité alimentaire en quantité (g/personne/jour)","2734","Viande de Volailles","2013","2013","g/personne/jour","50.36","Fc","Donnée calculée"
"CL","Disponibilité alimentaire - Elevage et pêche Equivalent primaire","108","Kazakhstan","674","Disponibilité de protéines en quantité (g/personne/jour)","2734","Viande de Volailles","2013","2013","g/personne/jour","6.2","Fc","Donnée calculée"
"CL","Disponibilité alimentaire - Elevage et pêche Equivalent primaire","114","Kenya","646","Disponibilité alimentaire en quantité (g/personne/jour)","2734","Viande de Volailles","2013","2013","g/personne/jour","1.29","Fc","Donnée calculée"
"CL","Disponibilité alimentaire - Elevage et pêche Equivalent primaire","114","Kenya","674","Disponibilité de protéines en quantité (g/personne/jour)","2734","Viande de Volailles","2013","2013","g/personne/jour","0.16","Fc","Donnée calculée"
"CL","Disponibilité alimentaire - Elevage et pêche Equivalent primaire","113","Kirghizistan","646","Disponibilité alimentaire en quantité (g/personne/jour)","2734","Viande de Volailles","2013","2013","g/personne/jour","6.33","Fc","Donnée calculée"
"CL","Disponibilité alimentaire - Elevage et pêche Equivalent primaire","113","Kirghizistan","674","Disponibilité de protéines en quantité (g/personne/jour)","2734","Viande de Volailles","2013","2013","g/personne/jour","0.76","Fc","Donnée calculée"
"CL","Disponibilité alimentaire - Elevage et pêche Equivalent primaire","83","Kiribati","646","Disponibilité alimentaire en quantité (g/personne/jour)","2734","Viande de Volailles","2013","2013","g/personne/jour","43.53","Fc","Donnée calculée"
"CL","Disponibilité alimentaire - Elevage et pêche Equivalent primaire","83","Kiribati","674","Disponibilité de protéines en quantité (g/personne/jour)","2734","Viande de Volailles","2013","2013","g/personne/jour","5.51","Fc","Donnée calculée"
"CL","Disponibilité alimentaire - Elevage et pêche Equivalent primaire","118","Koweït","646","Disponibilité alimentaire en quantité (g/personne/jour)","2734","Viande de Volailles","2013","2013","g/personne/jour","146.89","Fc","Donnée calculée"
"CL","Disponibilité alimentaire - Elevage et pêche Equivalent primaire","118","Koweït","674","Disponibilité de protéines en quantité (g/personne/jour)","2734","Viande de Volailles","2013","2013","g/personne/jour","18.26","Fc","Donnée calculée"
"CL","Disponibilité alimentaire - Elevage et pêche Equivalent primaire","122","Lesotho","646","Disponibilité alimentaire en quantité (g/personne/jour)","2734","Viande de Volailles","2013","2013","g/personne/jour","28.04","Fc","Donnée calculée"
"CL","Disponibilité alimentaire - Elevage et pêche Equivalent primaire","122","Lesotho","674","Disponibilité de protéines en quantité (g/personne/jour)","2734","Viande de Volailles","2013","2013","g/personne/jour","3.45","Fc","Donnée calculée"
"CL","Disponibilité alimentaire - Elevage et pêche Equivalent primaire","119","Lettonie","646","Disponibilité alimentaire en quantité (g/personne/jour)","2734","Viande de Volailles","2013","2013","g/personne/jour","56.25","Fc","Donnée calculée"
"CL","Disponibilité alimentaire - Elevage et pêche Equivalent primaire","119","Lettonie","674","Disponibilité de protéines en quantité (g/personne/jour)","2734","Viande de Volailles","2013","2013","g/personne/jour","7.21","Fc","Donnée calculée"
"CL","Disponibilité alimentaire - Elevage et pêche Equivalent primaire","154","Macédoine du Nord","646","Disponibilité alimentaire en quantité (g/personne/jour)","2734","Viande de Volailles","2013","2013","g/personne/jour","51.42","Fc","Donnée calculée"
"CL","Disponibilité alimentaire - Elevage et pêche Equivalent primaire","154","Macédoine du Nord","674","Disponibilité de protéines en quantité (g/personne/jour)","2734","Viande de Volailles","2013","2013","g/personne/jour","6.48","Fc","Donnée calculée"
"CL","Disponibilité alimentaire - Elevage et pêche Equivalent primaire","121","Liban","646","Disponibilité alimentaire en quantité (g/personne/jour)","2734","Viande de Volailles","2013","2013","g/personne/jour","55.81","Fc","Donnée calculée"
"CL","Disponibilité alimentaire - Elevage et pêche Equivalent primaire","121","Liban","674","Disponibilité de protéines en quantité (g/personne/jour)","2734","Viande de Volailles","2013","2013","g/personne/jour","7.26","Fc","Donnée calculée"
"CL","Disponibilité alimentaire - Elevage et pêche Equivalent primaire","123","Libéria","646","Disponibilité alimentaire en quantité (g/personne/jour)","2734","Viande de Volailles","2013","2013","g/personne/jour","24.4","Fc","Donnée calculée"
"CL","Disponibilité alimentaire - Elevage et pêche Equivalent primaire","123","Libéria","674","Disponibilité de protéines en quantité (g/personne/jour)","2734","Viande de Volailles","2013","2013","g/personne/jour","2.99","Fc","Donnée calculée"
"CL","Disponibilité alimentaire - Elevage et pêche Equivalent primaire","126","Lituanie","646","Disponibilité alimentaire en quantité (g/personne/jour)","2734","Viande de Volailles","2013","2013","g/personne/jour","73.53","Fc","Donnée calculée"
"CL","Disponibilité alimentaire - Elevage et pêche Equivalent primaire","126","Lituanie","674","Disponibilité de protéines en quantité (g/personne/jour)","2734","Viande de Volailles","2013","2013","g/personne/jour","9.27","Fc","Donnée calculée"
"CL","Disponibilité alimentaire - Elevage et pêche Equivalent primaire","256","Luxembourg","646","Disponibilité alimentaire en quantité (g/personne/jour)","2734","Viande de Volailles","2013","2013","g/personne/jour","58.56","Fc","Donnée calculée"
"CL","Disponibilité alimentaire - Elevage et pêche Equivalent primaire","256","Luxembourg","674","Disponibilité de protéines en quantité (g/personne/jour)","2734","Viande de Volailles","2013","2013","g/personne/jour","7.65","Fc","Donnée calculée"
"CL","Disponibilité alimentaire - Elevage et pêche Equivalent primaire","129","Madagascar","646","Disponibilité alimentaire en quantité (g/personne/jour)","2734","Viande de Volailles","2013","2013","g/personne/jour","8.61","Fc","Donnée calculée"
"CL","Disponibilité alimentaire - Elevage et pêche Equivalent primaire","129","Madagascar","674","Disponibilité de protéines en quantité (g/personne/jour)","2734","Viande de Volailles","2013","2013","g/personne/jour","1.06","Fc","Donnée calculée"
"CL","Disponibilité alimentaire - Elevage et pêche Equivalent primaire","131","Malaisie","646","Disponibilité alimentaire en quantité (g/personne/jour)","2734","Viande de Volailles","2013","2013","g/personne/jour","112.36","Fc","Donnée calculée"
"CL","Disponibilité alimentaire - Elevage et pêche Equivalent primaire","131","Malaisie","674","Disponibilité de protéines en quantité (g/personne/jour)","2734","Viande de Volailles","2013","2013","g/personne/jour","13.29","Fc","Donnée calculée"
"CL","Disponibilité alimentaire - Elevage et pêche Equivalent primaire","130","Malawi","646","Disponibilité alimentaire en quantité (g/personne/jour)","2734","Viande de Volailles","2013","2013","g/personne/jour","3.77","Fc","Donnée calculée"
"CL","Disponibilité alimentaire - Elevage et pêche Equivalent primaire","130","Malawi","674","Disponibilité de protéines en quantité (g/personne/jour)","2734","Viande de Volailles","2013","2013","g/personne/jour","0.46","Fc","Donnée calculée"
"CL","Disponibilité alimentaire - Elevage et pêche Equivalent primaire","132","Maldives","646","Disponibilité alimentaire en quantité (g/personne/jour)","2734","Viande de Volailles","2013","2013","g/personne/jour","50.59","Fc","Donnée calculée"
"CL","Disponibilité alimentaire - Elevage et pêche Equivalent primaire","132","Maldives","674","Disponibilité de protéines en quantité (g/personne/jour)","2734","Viande de Volailles","2013","2013","g/personne/jour","6.3","Fc","Donnée calculée"
"CL","Disponibilité alimentaire - Elevage et pêche Equivalent primaire","133","Mali","646","Disponibilité alimentaire en quantité (g/personne/jour)","2734","Viande de Volailles","2013","2013","g/personne/jour","8.4","Fc","Donnée calculée"
"CL","Disponibilité alimentaire - Elevage et pêche Equivalent primaire","133","Mali","674","Disponibilité de protéines en quantité (g/personne/jour)","2734","Viande de Volailles","2013","2013","g/personne/jour","1.05","Fc","Donnée calculée"
"CL","Disponibilité alimentaire - Elevage et pêche Equivalent primaire","134","Malte","646","Disponibilité alimentaire en quantité (g/personne/jour)","2734","Viande de Volailles","2013","2013","g/personne/jour","72.34","Fc","Donnée calculée"
"CL","Disponibilité alimentaire - Elevage et pêche Equivalent primaire","134","Malte","674","Disponibilité de protéines en quantité (g/personne/jour)","2734","Viande de Volailles","2013","2013","g/personne/jour","10.79","Fc","Donnée calculée"
"CL","Disponibilité alimentaire - Elevage et pêche Equivalent primaire","143","Maroc","646","Disponibilité alimentaire en quantité (g/personne/jour)","2734","Viande de Volailles","2013","2013","g/personne/jour","56.91","Fc","Donnée calculée"
"CL","Disponibilité alimentaire - Elevage et pêche Equivalent primaire","143","Maroc","674","Disponibilité de protéines en quantité (g/personne/jour)","2734","Viande de Volailles","2013","2013","g/personne/jour","7.24","Fc","Donnée calculée"
"CL","Disponibilité alimentaire - Elevage et pêche Equivalent primaire","137","Maurice","646","Disponibilité alimentaire en quantité (g/personne/jour)","2734","Viande de Volailles","2013","2013","g/personne/jour","105.51","Fc","Donnée calculée"
"CL","Disponibilité alimentaire - Elevage et pêche Equivalent primaire","137","Maurice","674","Disponibilité de protéines en quantité (g/personne/jour)","2734","Viande de Volailles","2013","2013","g/personne/jour","13.11","Fc","Donnée calculée"
"CL","Disponibilité alimentaire - Elevage et pêche Equivalent primaire","136","Mauritanie","646","Disponibilité alimentaire en quantité (g/personne/jour)","2734","Viande de Volailles","2013","2013","g/personne/jour","15.34","Fc","Donnée calculée"
"CL","Disponibilité alimentaire - Elevage et pêche Equivalent primaire","136","Mauritanie","674","Disponibilité de protéines en quantité (g/personne/jour)","2734","Viande de Volailles","2013","2013","g/personne/jour","1.73","Fc","Donnée calculée"
"CL","Disponibilité alimentaire - Elevage et pêche Equivalent primaire","138","Mexique","646","Disponibilité alimentaire en quantité (g/personne/jour)","2734","Viande de Volailles","2013","2013","g/personne/jour","82.53","Fc","Donnée calculée"
"CL","Disponibilité alimentaire - Elevage et pêche Equivalent primaire","138","Mexique","674","Disponibilité de protéines en quantité (g/personne/jour)","2734","Viande de Volailles","2013","2013","g/personne/jour","8.58","Fc","Donnée calculée"
"CL","Disponibilité alimentaire - Elevage et pêche Equivalent primaire","141","Mongolie","646","Disponibilité alimentaire en quantité (g/personne/jour)","2734","Viande de Volailles","2013","2013","g/personne/jour","8.32","Fc","Donnée calculée"
"CL","Disponibilité alimentaire - Elevage et pêche Equivalent primaire","141","Mongolie","674","Disponibilité de protéines en quantité (g/personne/jour)","2734","Viande de Volailles","2013","2013","g/personne/jour","1.03","Fc","Donnée calculée"
"CL","Disponibilité alimentaire - Elevage et pêche Equivalent primaire","273","Monténégro","646","Disponibilité alimentaire en quantité (g/personne/jour)","2734","Viande de Volailles","2013","2013","g/personne/jour","43.62","Fc","Donnée calculée"
"CL","Disponibilité alimentaire - Elevage et pêche Equivalent primaire","273","Monténégro","674","Disponibilité de protéines en quantité (g/personne/jour)","2734","Viande de Volailles","2013","2013","g/personne/jour","5.51","Fc","Donnée calculée"
"CL","Disponibilité alimentaire - Elevage et pêche Equivalent primaire","144","Mozambique","646","Disponibilité alimentaire en quantité (g/personne/jour)","2734","Viande de Volailles","2013","2013","g/personne/jour","3.85","Fc","Donnée calculée"
"CL","Disponibilité alimentaire - Elevage et pêche Equivalent primaire","144","Mozambique","674","Disponibilité de protéines en quantité (g/personne/jour)","2734","Viande de Volailles","2013","2013","g/personne/jour","0.47","Fc","Donnée calculée"
"CL","Disponibilité alimentaire - Elevage et pêche Equivalent primaire","28","Myanmar","646","Disponibilité alimentaire en quantité (g/personne/jour)","2734","Viande de Volailles","2013","2013","g/personne/jour","59.92","Fc","Donnée calculée"
"CL","Disponibilité alimentaire - Elevage et pêche Equivalent primaire","28","Myanmar","674","Disponibilité de protéines en quantité (g/personne/jour)","2734","Viande de Volailles","2013","2013","g/personne/jour","7.15","Fc","Donnée calculée"
"CL","Disponibilité alimentaire - Elevage et pêche Equivalent primaire","147","Namibie","646","Disponibilité alimentaire en quantité (g/personne/jour)","2734","Viande de Volailles","2013","2013","g/personne/jour","33.41","Fc","Donnée calculée"
"CL","Disponibilité alimentaire - Elevage et pêche Equivalent primaire","147","Namibie","674","Disponibilité de protéines en quantité (g/personne/jour)","2734","Viande de Volailles","2013","2013","g/personne/jour","4.4","Fc","Donnée calculée"
"CL","Disponibilité alimentaire - Elevage et pêche Equivalent primaire","149","Népal","646","Disponibilité alimentaire en quantité (g/personne/jour)","2734","Viande de Volailles","2013","2013","g/personne/jour","4.26","Fc","Donnée calculée"
"CL","Disponibilité alimentaire - Elevage et pêche Equivalent primaire","149","Népal","674","Disponibilité de protéines en quantité (g/personne/jour)","2734","Viande de Volailles","2013","2013","g/personne/jour","0.52","Fc","Donnée calculée"
"CL","Disponibilité alimentaire - Elevage et pêche Equivalent primaire","157","Nicaragua","646","Disponibilité alimentaire en quantité (g/personne/jour)","2734","Viande de Volailles","2013","2013","g/personne/jour","58.4","Fc","Donnée calculée"
"CL","Disponibilité alimentaire - Elevage et pêche Equivalent primaire","157","Nicaragua","674","Disponibilité de protéines en quantité (g/personne/jour)","2734","Viande de Volailles","2013","2013","g/personne/jour","6.8","Fc","Donnée calculée"
"CL","Disponibilité alimentaire - Elevage et pêche Equivalent primaire","158","Niger","646","Disponibilité alimentaire en quantité (g/personne/jour)","2734","Viande de Volailles","2013","2013","g/personne/jour","2.96","Fc","Donnée calculée"
"CL","Disponibilité alimentaire - Elevage et pêche Equivalent primaire","158","Niger","674","Disponibilité de protéines en quantité (g/personne/jour)","2734","Viande de Volailles","2013","2013","g/personne/jour","0.37","Fc","Donnée calculée"
"CL","Disponibilité alimentaire - Elevage et pêche Equivalent primaire","159","Nigéria","646","Disponibilité alimentaire en quantité (g/personne/jour)","2734","Viande de Volailles","2013","2013","g/personne/jour","4.75","Fc","Donnée calculée"
"CL","Disponibilité alimentaire - Elevage et pêche Equivalent primaire","159","Nigéria","674","Disponibilité de protéines en quantité (g/personne/jour)","2734","Viande de Volailles","2013","2013","g/personne/jour","0.54","Fc","Donnée calculée"
"CL","Disponibilité alimentaire - Elevage et pêche Equivalent primaire","162","Norvège","646","Disponibilité alimentaire en quantité (g/personne/jour)","2734","Viande de Volailles","2013","2013","g/personne/jour","57.56","Fc","Donnée calculée"
"CL","Disponibilité alimentaire - Elevage et pêche Equivalent primaire","162","Norvège","674","Disponibilité de protéines en quantité (g/personne/jour)","2734","Viande de Volailles","2013","2013","g/personne/jour","8.56","Fc","Donnée calculée"
"CL","Disponibilité alimentaire - Elevage et pêche Equivalent primaire","153","Nouvelle-Calédonie","646","Disponibilité alimentaire en quantité (g/personne/jour)","2734","Viande de Volailles","2013","2013","g/personne/jour","121.54","Fc","Donnée calculée"
"CL","Disponibilité alimentaire - Elevage et pêche Equivalent primaire","153","Nouvelle-Calédonie","674","Disponibilité de protéines en quantité (g/personne/jour)","2734","Viande de Volailles","2013","2013","g/personne/jour","15.33","Fc","Donnée calculée"
"CL","Disponibilité alimentaire - Elevage et pêche Equivalent primaire","156","Nouvelle-Zélande","646","Disponibilité alimentaire en quantité (g/personne/jour)","2734","Viande de Volailles","2013","2013","g/personne/jour","95.84","Fc","Donnée calculée"
"CL","Disponibilité alimentaire - Elevage et pêche Equivalent primaire","156","Nouvelle-Zélande","674","Disponibilité de protéines en quantité (g/personne/jour)","2734","Viande de Volailles","2013","2013","g/personne/jour","12.27","Fc","Donnée calculée"
"CL","Disponibilité alimentaire - Elevage et pêche Equivalent primaire","221","Oman","646","Disponibilité alimentaire en quantité (g/personne/jour)","2734","Viande de Volailles","2013","2013","g/personne/jour","86.33","Fc","Donnée calculée"
"CL","Disponibilité alimentaire - Elevage et pêche Equivalent primaire","221","Oman","674","Disponibilité de protéines en quantité (g/personne/jour)","2734","Viande de Volailles","2013","2013","g/personne/jour","10.79","Fc","Donnée calculée"
"CL","Disponibilité alimentaire - Elevage et pêche Equivalent primaire","226","Ouganda","646","Disponibilité alimentaire en quantité (g/personne/jour)","2734","Viande de Volailles","2013","2013","g/personne/jour","4.14","Fc","Donnée calculée"
"CL","Disponibilité alimentaire - Elevage et pêche Equivalent primaire","226","Ouganda","674","Disponibilité de protéines en quantité (g/personne/jour)","2734","Viande de Volailles","2013","2013","g/personne/jour","0.51","Fc","Donnée calculée"
"CL","Disponibilité alimentaire - Elevage et pêche Equivalent primaire","235","Ouzbékistan","646","Disponibilité alimentaire en quantité (g/personne/jour)","2734","Viande de Volailles","2013","2013","g/personne/jour","5.11","Fc","Donnée calculée"
"CL","Disponibilité alimentaire - Elevage et pêche Equivalent primaire","235","Ouzbékistan","674","Disponibilité de protéines en quantité (g/personne/jour)","2734","Viande de Volailles","2013","2013","g/personne/jour","0.63","Fc","Donnée calculée"
"CL","Disponibilité alimentaire - Elevage et pêche Equivalent primaire","165","Pakistan","646","Disponibilité alimentaire en quantité (g/personne/jour)","2734","Viande de Volailles","2013","2013","g/personne/jour","13.71","Fc","Donnée calculée"
"CL","Disponibilité alimentaire - Elevage et pêche Equivalent primaire","165","Pakistan","674","Disponibilité de protéines en quantité (g/personne/jour)","2734","Viande de Volailles","2013","2013","g/personne/jour","1.68","Fc","Donnée calculée"
"CL","Disponibilité alimentaire - Elevage et pêche Equivalent primaire","166","Panama","646","Disponibilité alimentaire en quantité (g/personne/jour)","2734","Viande de Volailles","2013","2013","g/personne/jour","84.41","Fc","Donnée calculée"
"CL","Disponibilité alimentaire - Elevage et pêche Equivalent primaire","166","Panama","674","Disponibilité de protéines en quantité (g/personne/jour)","2734","Viande de Volailles","2013","2013","g/personne/jour","9.26","Fc","Donnée calculée"
"CL","Disponibilité alimentaire - Elevage et pêche Equivalent primaire","169","Paraguay","646","Disponibilité alimentaire en quantité (g/personne/jour)","2734","Viande de Volailles","2013","2013","g/personne/jour","17.5","Fc","Donnée calculée"
"CL","Disponibilité alimentaire - Elevage et pêche Equivalent primaire","169","Paraguay","674","Disponibilité de protéines en quantité (g/personne/jour)","2734","Viande de Volailles","2013","2013","g/personne/jour","1.9","Fc","Donnée calculée"
"CL","Disponibilité alimentaire - Elevage et pêche Equivalent primaire","150","Pays-Bas","646","Disponibilité alimentaire en quantité (g/personne/jour)","2734","Viande de Volailles","2013","2013","g/personne/jour","65.48","Fc","Donnée calculée"
"CL","Disponibilité alimentaire - Elevage et pêche Equivalent primaire","150","Pays-Bas","674","Disponibilité de protéines en quantité (g/personne/jour)","2734","Viande de Volailles","2013","2013","g/personne/jour","9.9","Fc","Donnée calculée"
"CL","Disponibilité alimentaire - Elevage et pêche Equivalent primaire","170","Pérou","646","Disponibilité alimentaire en quantité (g/personne/jour)","2734","Viande de Volailles","2013","2013","g/personne/jour","32.11","Fc","Donnée calculée"
"CL","Disponibilité alimentaire - Elevage et pêche Equivalent primaire","170","Pérou","674","Disponibilité de protéines en quantité (g/personne/jour)","2734","Viande de Volailles","2013","2013","g/personne/jour","5.83","Fc","Donnée calculée"
"CL","Disponibilité alimentaire - Elevage et pêche Equivalent primaire","171","Philippines","646","Disponibilité alimentaire en quantité (g/personne/jour)","2734","Viande de Volailles","2013","2013","g/personne/jour","32.62","Fc","Donnée calculée"
"CL","Disponibilité alimentaire - Elevage et pêche Equivalent primaire","171","Philippines","674","Disponibilité de protéines en quantité (g/personne/jour)","2734","Viande de Volailles","2013","2013","g/personne/jour","3.98","Fc","Donnée calculée"
"CL","Disponibilité alimentaire - Elevage et pêche Equivalent primaire","173","Pologne","646","Disponibilité alimentaire en quantité (g/personne/jour)","2734","Viande de Volailles","2013","2013","g/personne/jour","75.11","Fc","Donnée calculée"
"CL","Disponibilité alimentaire - Elevage et pêche Equivalent primaire","173","Pologne","674","Disponibilité de protéines en quantité (g/personne/jour)","2734","Viande de Volailles","2013","2013","g/personne/jour","11.09","Fc","Donnée calculée"
"CL","Disponibilité alimentaire - Elevage et pêche Equivalent primaire","70","Polynésie française","646","Disponibilité alimentaire en quantité (g/personne/jour)","2734","Viande de Volailles","2013","2013","g/personne/jour","135.75","Fc","Donnée calculée"
"CL","Disponibilité alimentaire - Elevage et pêche Equivalent primaire","70","Polynésie française","674","Disponibilité de protéines en quantité (g/personne/jour)","2734","Viande de Volailles","2013","2013","g/personne/jour","16.86","Fc","Donnée calculée"
"CL","Disponibilité alimentaire - Elevage et pêche Equivalent primaire","174","Portugal","646","Disponibilité alimentaire en quantité (g/personne/jour)","2734","Viande de Volailles","2013","2013","g/personne/jour","82.57","Fc","Donnée calculée"
"CL","Disponibilité alimentaire - Elevage et pêche Equivalent primaire","174","Portugal","674","Disponibilité de protéines en quantité (g/personne/jour)","2734","Viande de Volailles","2013","2013","g/personne/jour","12.52","Fc","Donnée calculée"
"CL","Disponibilité alimentaire - Elevage et pêche Equivalent primaire","37","République centrafricaine","646","Disponibilité alimentaire en quantité (g/personne/jour)","2734","Viande de Volailles","2013","2013","g/personne/jour","3.98","Fc","Donnée calculée"
"CL","Disponibilité alimentaire - Elevage et pêche Equivalent primaire","37","République centrafricaine","674","Disponibilité de protéines en quantité (g/personne/jour)","2734","Viande de Volailles","2013","2013","g/personne/jour","0.49","Fc","Donnée calculée"
"CL","Disponibilité alimentaire - Elevage et pêche Equivalent primaire","117","République de Corée","646","Disponibilité alimentaire en quantité (g/personne/jour)","2734","Viande de Volailles","2013","2013","g/personne/jour","43.84","Fc","Donnée calculée"
"CL","Disponibilité alimentaire - Elevage et pêche Equivalent primaire","117","République de Corée","674","Disponibilité de protéines en quantité (g/personne/jour)","2734","Viande de Volailles","2013","2013","g/personne/jour","5.43","Fc","Donnée calculée"
"CL","Disponibilité alimentaire - Elevage et pêche Equivalent primaire","146","République de Moldova","646","Disponibilité alimentaire en quantité (g/personne/jour)","2734","Viande de Volailles","2013","2013","g/personne/jour","49.13","Fc","Donnée calculée"
"CL","Disponibilité alimentaire - Elevage et pêche Equivalent primaire","146","République de Moldova","674","Disponibilité de protéines en quantité (g/personne/jour)","2734","Viande de Volailles","2013","2013","g/personne/jour","6.17","Fc","Donnée calculée"
"CL","Disponibilité alimentaire - Elevage et pêche Equivalent primaire","120","République démocratique populaire lao","646","Disponibilité alimentaire en quantité (g/personne/jour)","2734","Viande de Volailles","2013","2013","g/personne/jour","11.53","Fc","Donnée calculée"
"CL","Disponibilité alimentaire - Elevage et pêche Equivalent primaire","120","République démocratique populaire lao","674","Disponibilité de protéines en quantité (g/personne/jour)","2734","Viande de Volailles","2013","2013","g/personne/jour","1.35","Fc","Donnée calculée"
"CL","Disponibilité alimentaire - Elevage et pêche Equivalent primaire","56","République dominicaine","646","Disponibilité alimentaire en quantité (g/personne/jour)","2734","Viande de Volailles","2013","2013","g/personne/jour","75.5","Fc","Donnée calculée"
"CL","Disponibilité alimentaire - Elevage et pêche Equivalent primaire","56","République dominicaine","674","Disponibilité de protéines en quantité (g/personne/jour)","2734","Viande de Volailles","2013","2013","g/personne/jour","8.15","Fc","Donnée calculée"
"CL","Disponibilité alimentaire - Elevage et pêche Equivalent primaire","116","République populaire démocratique de Corée","646","Disponibilité alimentaire en quantité (g/personne/jour)","2734","Viande de Volailles","2013","2013","g/personne/jour","4.82","Fc","Donnée calculée"
"CL","Disponibilité alimentaire - Elevage et pêche Equivalent primaire","116","République populaire démocratique de Corée","674","Disponibilité de protéines en quantité (g/personne/jour)","2734","Viande de Volailles","2013","2013","g/personne/jour","0.55","Fc","Donnée calculée"
"CL","Disponibilité alimentaire - Elevage et pêche Equivalent primaire","215","République-Unie de Tanzanie","646","Disponibilité alimentaire en quantité (g/personne/jour)","2734","Viande de Volailles","2013","2013","g/personne/jour","5.03","Fc","Donnée calculée"
"CL","Disponibilité alimentaire - Elevage et pêche Equivalent primaire","215","République-Unie de Tanzanie","674","Disponibilité de protéines en quantité (g/personne/jour)","2734","Viande de Volailles","2013","2013","g/personne/jour","0.62","Fc","Donnée calculée"
"CL","Disponibilité alimentaire - Elevage et pêche Equivalent primaire","183","Roumanie","646","Disponibilité alimentaire en quantité (g/personne/jour)","2734","Viande de Volailles","2013","2013","g/personne/jour","42.12","Fc","Donnée calculée"
"CL","Disponibilité alimentaire - Elevage et pêche Equivalent primaire","183","Roumanie","674","Disponibilité de protéines en quantité (g/personne/jour)","2734","Viande de Volailles","2013","2013","g/personne/jour","6.25","Fc","Donnée calculée"
"CL","Disponibilité alimentaire - Elevage et pêche Equivalent primaire","229","Royaume-Uni","646","Disponibilité alimentaire en quantité (g/personne/jour)","2734","Viande de Volailles","2013","2013","g/personne/jour","86.43","Fc","Donnée calculée"
"CL","Disponibilité alimentaire - Elevage et pêche Equivalent primaire","229","Royaume-Uni","674","Disponibilité de protéines en quantité (g/personne/jour)","2734","Viande de Volailles","2013","2013","g/personne/jour","12.78","Fc","Donnée calculée"
"CL","Disponibilité alimentaire - Elevage et pêche Equivalent primaire","184","Rwanda","646","Disponibilité alimentaire en quantité (g/personne/jour)","2734","Viande de Volailles","2013","2013","g/personne/jour","3.67","Fc","Donnée calculée"
"CL","Disponibilité alimentaire - Elevage et pêche Equivalent primaire","184","Rwanda","674","Disponibilité de protéines en quantité (g/personne/jour)","2734","Viande de Volailles","2013","2013","g/personne/jour","0.45","Fc","Donnée calculée"
"CL","Disponibilité alimentaire - Elevage et pêche Equivalent primaire","189","Sainte-Lucie","646","Disponibilité alimentaire en quantité (g/personne/jour)","2734","Viande de Volailles","2013","2013","g/personne/jour","190.47","Fc","Donnée calculée"
"CL","Disponibilité alimentaire - Elevage et pêche Equivalent primaire","189","Sainte-Lucie","674","Disponibilité de protéines en quantité (g/personne/jour)","2734","Viande de Volailles","2013","2013","g/personne/jour","22.79","Fc","Donnée calculée"
"CL","Disponibilité alimentaire - Elevage et pêche Equivalent primaire","188","Saint-Kitts-et-Nevis","646","Disponibilité alimentaire en quantité (g/personne/jour)","2734","Viande de Volailles","2013","2013","g/personne/jour","155.35","Fc","Donnée calculée"
"CL","Disponibilité alimentaire - Elevage et pêche Equivalent primaire","188","Saint-Kitts-et-Nevis","674","Disponibilité de protéines en quantité (g/personne/jour)","2734","Viande de Volailles","2013","2013","g/personne/jour","19.23","Fc","Donnée calculée"
"CL","Disponibilité alimentaire - Elevage et pêche Equivalent primaire","191","Saint-Vincent-et-les Grenadines","646","Disponibilité alimentaire en quantité (g/personne/jour)","2734","Viande de Volailles","2013","2013","g/personne/jour","199.63","Fc","Donnée calculée"
"CL","Disponibilité alimentaire - Elevage et pêche Equivalent primaire","191","Saint-Vincent-et-les Grenadines","674","Disponibilité de protéines en quantité (g/personne/jour)","2734","Viande de Volailles","2013","2013","g/personne/jour","25.26","Fc","Donnée calculée"
"CL","Disponibilité alimentaire - Elevage et pêche Equivalent primaire","244","Samoa","646","Disponibilité alimentaire en quantité (g/personne/jour)","2734","Viande de Volailles","2013","2013","g/personne/jour","174.81","Fc","Donnée calculée"
"CL","Disponibilité alimentaire - Elevage et pêche Equivalent primaire","244","Samoa","674","Disponibilité de protéines en quantité (g/personne/jour)","2734","Viande de Volailles","2013","2013","g/personne/jour","21.59","Fc","Donnée calculée"
"CL","Disponibilité alimentaire - Elevage et pêche Equivalent primaire","193","Sao Tomé-et-Principe","646","Disponibilité alimentaire en quantité (g/personne/jour)","2734","Viande de Volailles","2013","2013","g/personne/jour","25.31","Fc","Donnée calculée"
"CL","Disponibilité alimentaire - Elevage et pêche Equivalent primaire","193","Sao Tomé-et-Principe","674","Disponibilité de protéines en quantité (g/personne/jour)","2734","Viande de Volailles","2013","2013","g/personne/jour","3.11","Fc","Donnée calculée"
"CL","Disponibilité alimentaire - Elevage et pêche Equivalent primaire","195","Sénégal","646","Disponibilité alimentaire en quantité (g/personne/jour)","2734","Viande de Volailles","2013","2013","g/personne/jour","12.65","Fc","Donnée calculée"
"CL","Disponibilité alimentaire - Elevage et pêche Equivalent primaire","195","Sénégal","674","Disponibilité de protéines en quantité (g/personne/jour)","2734","Viande de Volailles","2013","2013","g/personne/jour","1.56","Fc","Donnée calculée"
"CL","Disponibilité alimentaire - Elevage et pêche Equivalent primaire","272","Serbie","646","Disponibilité alimentaire en quantité (g/personne/jour)","2734","Viande de Volailles","2013","2013","g/personne/jour","29.15","Fc","Donnée calculée"
"CL","Disponibilité alimentaire - Elevage et pêche Equivalent primaire","272","Serbie","674","Disponibilité de protéines en quantité (g/personne/jour)","2734","Viande de Volailles","2013","2013","g/personne/jour","3.61","Fc","Donnée calculée"
"CL","Disponibilité alimentaire - Elevage et pêche Equivalent primaire","197","Sierra Leone","646","Disponibilité alimentaire en quantité (g/personne/jour)","2734","Viande de Volailles","2013","2013","g/personne/jour","13.62","Fc","Donnée calculée"
"CL","Disponibilité alimentaire - Elevage et pêche Equivalent primaire","197","Sierra Leone","674","Disponibilité de protéines en quantité (g/personne/jour)","2734","Viande de Volailles","2013","2013","g/personne/jour","1.54","Fc","Donnée calculée"
"CL","Disponibilité alimentaire - Elevage et pêche Equivalent primaire","199","Slovaquie","646","Disponibilité alimentaire en quantité (g/personne/jour)","2734","Viande de Volailles","2013","2013","g/personne/jour","41.45","Fc","Donnée calculée"
"CL","Disponibilité alimentaire - Elevage et pêche Equivalent primaire","199","Slovaquie","674","Disponibilité de protéines en quantité (g/personne/jour)","2734","Viande de Volailles","2013","2013","g/personne/jour","5.14","Fc","Donnée calculée"
"CL","Disponibilité alimentaire - Elevage et pêche Equivalent primaire","198","Slovénie","646","Disponibilité alimentaire en quantité (g/personne/jour)","2734","Viande de Volailles","2013","2013","g/personne/jour","64.28","Fc","Donnée calculée"
"CL","Disponibilité alimentaire - Elevage et pêche Equivalent primaire","198","Slovénie","674","Disponibilité de protéines en quantité (g/personne/jour)","2734","Viande de Volailles","2013","2013","g/personne/jour","8.31","Fc","Donnée calculée"
"CL","Disponibilité alimentaire - Elevage et pêche Equivalent primaire","276","Soudan","646","Disponibilité alimentaire en quantité (g/personne/jour)","2734","Viande de Volailles","2013","2013","g/personne/jour","3.43","Fc","Donnée calculée"
"CL","Disponibilité alimentaire - Elevage et pêche Equivalent primaire","276","Soudan","674","Disponibilité de protéines en quantité (g/personne/jour)","2734","Viande de Volailles","2013","2013","g/personne/jour","0.45","Fc","Donnée calculée"
"CL","Disponibilité alimentaire - Elevage et pêche Equivalent primaire","38","Sri Lanka","646","Disponibilité alimentaire en quantité (g/personne/jour)","2734","Viande de Volailles","2013","2013","g/personne/jour","13.58","Fc","Donnée calculée"
"CL","Disponibilité alimentaire - Elevage et pêche Equivalent primaire","38","Sri Lanka","674","Disponibilité de protéines en quantité (g/personne/jour)","2734","Viande de Volailles","2013","2013","g/personne/jour","1.68","Fc","Donnée calculée"
"CL","Disponibilité alimentaire - Elevage et pêche Equivalent primaire","210","Suède","646","Disponibilité alimentaire en quantité (g/personne/jour)","2734","Viande de Volailles","2013","2013","g/personne/jour","45.6","Fc","Donnée calculée"
"CL","Disponibilité alimentaire - Elevage et pêche Equivalent primaire","210","Suède","674","Disponibilité de protéines en quantité (g/personne/jour)","2734","Viande de Volailles","2013","2013","g/personne/jour","7.18","Fc","Donnée calculée"
"CL","Disponibilité alimentaire - Elevage et pêche Equivalent primaire","211","Suisse","646","Disponibilité alimentaire en quantité (g/personne/jour)","2734","Viande de Volailles","2013","2013","g/personne/jour","44.88","Fc","Donnée calculée"
"CL","Disponibilité alimentaire - Elevage et pêche Equivalent primaire","211","Suisse","674","Disponibilité de protéines en quantité (g/personne/jour)","2734","Viande de Volailles","2013","2013","g/personne/jour","6.66","Fc","Donnée calculée"
"CL","Disponibilité alimentaire - Elevage et pêche Equivalent primaire","207","Suriname","646","Disponibilité alimentaire en quantité (g/personne/jour)","2734","Viande de Volailles","2013","2013","g/personne/jour","97.41","Fc","Donnée calculée"
"CL","Disponibilité alimentaire - Elevage et pêche Equivalent primaire","207","Suriname","674","Disponibilité de protéines en quantité (g/personne/jour)","2734","Viande de Volailles","2013","2013","g/personne/jour","10.59","Fc","Donnée calculée"
"CL","Disponibilité alimentaire - Elevage et pêche Equivalent primaire","209","Eswatini","646","Disponibilité alimentaire en quantité (g/personne/jour)","2734","Viande de Volailles","2013","2013","g/personne/jour","16.92","Fc","Donnée calculée"
"CL","Disponibilité alimentaire - Elevage et pêche Equivalent primaire","209","Eswatini","674","Disponibilité de protéines en quantité (g/personne/jour)","2734","Viande de Volailles","2013","2013","g/personne/jour","2.15","Fc","Donnée calculée"
"CL","Disponibilité alimentaire - Elevage et pêche Equivalent primaire","208","Tadjikistan","646","Disponibilité alimentaire en quantité (g/personne/jour)","2734","Viande de Volailles","2013","2013","g/personne/jour","7.11","Fc","Donnée calculée"
"CL","Disponibilité alimentaire - Elevage et pêche Equivalent primaire","208","Tadjikistan","674","Disponibilité de protéines en quantité (g/personne/jour)","2734","Viande de Volailles","2013","2013","g/personne/jour","0.87","Fc","Donnée calculée"
"CL","Disponibilité alimentaire - Elevage et pêche Equivalent primaire","39","Tchad","646","Disponibilité alimentaire en quantité (g/personne/jour)","2734","Viande de Volailles","2013","2013","g/personne/jour","1.16","Fc","Donnée calculée"
"CL","Disponibilité alimentaire - Elevage et pêche Equivalent primaire","39","Tchad","674","Disponibilité de protéines en quantité (g/personne/jour)","2734","Viande de Volailles","2013","2013","g/personne/jour","0.14","Fc","Donnée calculée"
"CL","Disponibilité alimentaire - Elevage et pêche Equivalent primaire","167","Tchéquie (la)","646","Disponibilité alimentaire en quantité (g/personne/jour)","2734","Viande de Volailles","2013","2013","g/personne/jour","52.31","Fc","Donnée calculée"
"CL","Disponibilité alimentaire - Elevage et pêche Equivalent primaire","167","Tchéquie (la)","674","Disponibilité de protéines en quantité (g/personne/jour)","2734","Viande de Volailles","2013","2013","g/personne/jour","6.48","Fc","Donnée calculée"
"CL","Disponibilité alimentaire - Elevage et pêche Equivalent primaire","216","Thaïlande","646","Disponibilité alimentaire en quantité (g/personne/jour)","2734","Viande de Volailles","2013","2013","g/personne/jour","37.51","Fc","Donnée calculée"
"CL","Disponibilité alimentaire - Elevage et pêche Equivalent primaire","216","Thaïlande","674","Disponibilité de protéines en quantité (g/personne/jour)","2734","Viande de Volailles","2013","2013","g/personne/jour","4.49","Fc","Donnée calculée"
"CL","Disponibilité alimentaire - Elevage et pêche Equivalent primaire","176","Timor-Leste","646","Disponibilité alimentaire en quantité (g/personne/jour)","2734","Viande de Volailles","2013","2013","g/personne/jour","15.51","Fc","Donnée calculée"
"CL","Disponibilité alimentaire - Elevage et pêche Equivalent primaire","176","Timor-Leste","674","Disponibilité de protéines en quantité (g/personne/jour)","2734","Viande de Volailles","2013","2013","g/personne/jour","1.91","Fc","Donnée calculée"
"CL","Disponibilité alimentaire - Elevage et pêche Equivalent primaire","217","Togo","646","Disponibilité alimentaire en quantité (g/personne/jour)","2734","Viande de Volailles","2013","2013","g/personne/jour","18.17","Fc","Donnée calculée"
"CL","Disponibilité alimentaire - Elevage et pêche Equivalent primaire","217","Togo","674","Disponibilité de protéines en quantité (g/personne/jour)","2734","Viande de Volailles","2013","2013","g/personne/jour","2.23","Fc","Donnée calculée"
"CL","Disponibilité alimentaire - Elevage et pêche Equivalent primaire","220","Trinité-et-Tobago","646","Disponibilité alimentaire en quantité (g/personne/jour)","2734","Viande de Volailles","2013","2013","g/personne/jour","159.64","Fc","Donnée calculée"
"CL","Disponibilité alimentaire - Elevage et pêche Equivalent primaire","220","Trinité-et-Tobago","674","Disponibilité de protéines en quantité (g/personne/jour)","2734","Viande de Volailles","2013","2013","g/personne/jour","17.67","Fc","Donnée calculée"
"CL","Disponibilité alimentaire - Elevage et pêche Equivalent primaire","222","Tunisie","646","Disponibilité alimentaire en quantité (g/personne/jour)","2734","Viande de Volailles","2013","2013","g/personne/jour","50.68","Fc","Donnée calculée"
"CL","Disponibilité alimentaire - Elevage et pêche Equivalent primaire","222","Tunisie","674","Disponibilité de protéines en quantité (g/personne/jour)","2734","Viande de Volailles","2013","2013","g/personne/jour","6.83","Fc","Donnée calculée"
"CL","Disponibilité alimentaire - Elevage et pêche Equivalent primaire","213","Turkménistan","646","Disponibilité alimentaire en quantité (g/personne/jour)","2734","Viande de Volailles","2013","2013","g/personne/jour","10.45","Fc","Donnée calculée"
"CL","Disponibilité alimentaire - Elevage et pêche Equivalent primaire","213","Turkménistan","674","Disponibilité de protéines en quantité (g/personne/jour)","2734","Viande de Volailles","2013","2013","g/personne/jour","1.29","Fc","Donnée calculée"
"CL","Disponibilité alimentaire - Elevage et pêche Equivalent primaire","223","Turquie","646","Disponibilité alimentaire en quantité (g/personne/jour)","2734","Viande de Volailles","2013","2013","g/personne/jour","51.44","Fc","Donnée calculée"
"CL","Disponibilité alimentaire - Elevage et pêche Equivalent primaire","223","Turquie","674","Disponibilité de protéines en quantité (g/personne/jour)","2734","Viande de Volailles","2013","2013","g/personne/jour","6.33","Fc","Donnée calculée"
"CL","Disponibilité alimentaire - Elevage et pêche Equivalent primaire","230","Ukraine","646","Disponibilité alimentaire en quantité (g/personne/jour)","2734","Viande de Volailles","2013","2013","g/personne/jour","66.39","Fc","Donnée calculée"
"CL","Disponibilité alimentaire - Elevage et pêche Equivalent primaire","230","Ukraine","674","Disponibilité de protéines en quantité (g/personne/jour)","2734","Viande de Volailles","2013","2013","g/personne/jour","8.19","Fc","Donnée calculée"
"CL","Disponibilité alimentaire - Elevage et pêche Equivalent primaire","234","Uruguay","646","Disponibilité alimentaire en quantité (g/personne/jour)","2734","Viande de Volailles","2013","2013","g/personne/jour","75.2","Fc","Donnée calculée"
"CL","Disponibilité alimentaire - Elevage et pêche Equivalent primaire","234","Uruguay","674","Disponibilité de protéines en quantité (g/personne/jour)","2734","Viande de Volailles","2013","2013","g/personne/jour","8.28","Fc","Donnée calculée"
"CL","Disponibilité alimentaire - Elevage et pêche Equivalent primaire","155","Vanuatu","646","Disponibilité alimentaire en quantité (g/personne/jour)","2734","Viande de Volailles","2013","2013","g/personne/jour","32.19","Fc","Donnée calculée"
"CL","Disponibilité alimentaire - Elevage et pêche Equivalent primaire","155","Vanuatu","674","Disponibilité de protéines en quantité (g/personne/jour)","2734","Viande de Volailles","2013","2013","g/personne/jour","4.02","Fc","Donnée calculée"
"CL","Disponibilité alimentaire - Elevage et pêche Equivalent primaire","236","Venezuela (République bolivarienne du)","646","Disponibilité alimentaire en quantité (g/personne/jour)","2734","Viande de Volailles","2013","2013","g/personne/jour","107.61","Fc","Donnée calculée"
"CL","Disponibilité alimentaire - Elevage et pêche Equivalent primaire","236","Venezuela (République bolivarienne du)","674","Disponibilité de protéines en quantité (g/personne/jour)","2734","Viande de Volailles","2013","2013","g/personne/jour","13.99","Fc","Donnée calculée"
"CL","Disponibilité alimentaire - Elevage et pêche Equivalent primaire","237","Viet Nam","646","Disponibilité alimentaire en quantité (g/personne/jour)","2734","Viande de Volailles","2013","2013","g/personne/jour","33.85","Fc","Donnée calculée"
"CL","Disponibilité alimentaire - Elevage et pêche Equivalent primaire","237","Viet Nam","674","Disponibilité de protéines en quantité (g/personne/jour)","2734","Viande de Volailles","2013","2013","g/personne/jour","4.04","Fc","Donnée calculée"
"CL","Disponibilité alimentaire - Elevage et pêche Equivalent primaire","249","Yémen","646","Disponibilité alimentaire en quantité (g/personne/jour)","2734","Viande de Volailles","2013","2013","g/personne/jour","29.38","Fc","Donnée calculée"
"CL","Disponibilité alimentaire - Elevage et pêche Equivalent primaire","249","Yémen","674","Disponibilité de protéines en quantité (g/personne/jour)","2734","Viande de Volailles","2013","2013","g/personne/jour","3.82","Fc","Donnée calculée"
"CL","Disponibilité alimentaire - Elevage et pêche Equivalent primaire","251","Zambie","646","Disponibilité alimentaire en quantité (g/personne/jour)","2734","Viande de Volailles","2013","2013","g/personne/jour","9.02","Fc","Donnée calculée"
"CL","Disponibilité alimentaire - Elevage et pêche Equivalent primaire","251","Zambie","674","Disponibilité de protéines en quantité (g/personne/jour)","2734","Viande de Volailles","2013","2013","g/personne/jour","1.11","Fc","Donnée calculée"
"CL","Disponibilité alimentaire - Elevage et pêche Equivalent primaire","181","Zimbabwe","646","Disponibilité alimentaire en quantité (g/personne/jour)","2734","Viande de Volailles","2013","2013","g/personne/jour","13.61","Fc","Donnée calculée"
"CL","Disponibilité alimentaire - Elevage et pêche Equivalent primaire","181","Zimbabwe","674","Disponibilité de protéines en quantité (g/personne/jour)","2734","Viande de Volailles","2013","2013","g/personne/jour","1.69","Fc","Donnée calculée"
"CL","Disponibilité alimentaire - Elevage et pêche Equivalent primaire","351","Chine","646","Disponibilité alimentaire en quantité (g/personne/jour)","2734","Viande de Volailles","2013","2013","g/personne/jour","37.61","Fc","Donnée calculée"
"CL","Disponibilité alimentaire - Elevage et pêche Equivalent primaire","351","Chine","674","Disponibilité de protéines en quantité (g/personne/jour)","2734","Viande de Volailles","2013","2013","g/personne/jour","4.45","Fc","Donnée calculée"
